team_number, last_name, first_name, year, start_date, email
0,Giamitti,Arlina,2,6/4/2020,agiamitti1d@moonfruit.com
0,Mattingson,Pedro,1,6/4/2020,pmattingson1c@addthis.com
0,Gronw,Markos,1,6/2/2020,mgronwg@shareasale.com
1,Rives,Rawley,1,5/9/2020,rrives15@senate.gov
1,Grayham,Michal,2,5/1/2020,mgrayhamd@dot.gov
1,Yelland,Bailie,2,5/8/2020,byelland23@jiathis.com
2,Borsay,Nickie,2,6/1/2020,nborsayy@go.com
2,Tapsell,Emelia,3,6/3/2020,etapsellu@howstuffworks.com
2,Ikins,Lorry,3,5/20/2020,likinsh@guardian.co.uk
3,Howford,Ashlie,1,5/29/2020,ahowfordb@csmonitor.com
3,Clubb,John,1,5/20/2020,jclubb11@biblegateway.com
3,Morgue,Gawain,2,5/26/2020,gmorguea@tuttocitta.it
4,Ranns,Arlana,3,6/7/2020,aranns1f@icio.us
4,Sharratt,Deborah,2,5/30/2020,dsharratt2o@ibm.com
4,Fulun,Dionne,3,6/1/2020,dfulunj@un.org
5,Maddyson,Falkner,2,5/27/2020,fmaddyson4@163.com
5,Di Carli,Aldrich,2,6/7/2020,adicarli1n@wordpress.com
5,Minister,Mikel,3,6/6/2020,mminister2j@foxnews.com
6,Mewburn,Hali,1,5/17/2020,hmewburn2q@dot.gov
6,Bohl,Bamby,2,5/6/2020,bbohl2p@arstechnica.com
6,Burger,Farris,2,5/18/2020,fburger1g@jugem.jp
7,Wilmut,Vally,3,5/7/2020,vwilmutc@senate.gov
7,Mounter,Estrellita,3,5/3/2020,emounter1t@apache.org
7,Orgee,Thaddus,2,5/2/2020,torgee1p@cbc.ca
8,Pinkerton,Benoit,3,6/7/2020,bpinkerton2h@reddit.com
8,McClinton,Desdemona,2,5/28/2020,dmcclintonm@slashdot.org
8,Hallen,Elbertina,3,5/27/2020,ehallen18@irs.gov
9,McKeggie,Monroe,1,5/26/2020,mmckeggie1m@loc.gov
9,Petrak,Anya,1,5/21/2020,apetrak10@slate.com
9,Antonijevic,Kelcy,2,5/13/2020,kantonijevic1s@usatoday.com
10,Landrick,Mame,1,5/11/2020,mlandrick22@hhs.gov
10,Amery,Odessa,2,5/7/2020,oameryf@google.com.br
10,Zini,Alison,2,5/10/2020,azini1y@free.fr
11,Mainz,Daryle,1,5/19/2020,dmainzl@deliciousdays.com
11,O'Daly,Myrta,2,5/19/2020,modaly2@seesaa.net
11,Fairweather,Rorke,1,5/6/2020,rfairweatherw@pinterest.com
12,Nussey,Ardine,1,5/4/2020,anussey5@tiny.cc
12,Sallarie,Veronike,1,5/5/2020,vsallarie1x@state.gov
12,Nettleship,Mervin,2,5/6/2020,mnettleship1v@google.pl
13,Leupoldt,Caitlin,1,5/22/2020,cleupoldt7@globo.com
13,Hovington,Webster,1,5/24/2020,whovington17@cbc.ca
13,Hallard,Parke,2,6/1/2020,phallardp@reverbnation.com
14,Renfield,Meredith,3,5/23/2020,mrenfield14@myspace.com
14,Borer,Carey,3,5/25/2020,cborer1e@over-blog.com
14,Scarasbrick,Ami,2,5/27/2020,ascarasbrick21@indiegogo.com
15,Seakes,Ardelle,3,5/4/2020,aseakes1h@naver.com
15,Lattos,Tilly,2,5/13/2020,tlattos1u@imageshack.us
15,Annandale,Garwood,3,5/3/2020,gannandale1o@gmpg.org
16,Roelofs,Madelina,2,5/24/2020,mroelofs29@youku.com
16,Okenden,Oates,2,6/2/2020,ookenden2f@dailymotion.com
16,Bristo,Conrade,1,5/21/2020,cbristoq@icio.us
17,Fausset,Estrellita,1,5/27/2020,efausset28@acquirethisname.com
17,Gleder,Analiese,2,6/7/2020,agleder1a@blogspot.com
17,Tizzard,Barrie,2,5/28/2020,btizzard1i@statcounter.com
18,Clubb,John,1,5/20/2020,jclubb@gmail.com
18,Pilkington,Mohammed,1,5/14/2020,mpilkingtone@sphinn.com
18,Pardew,Angela,2,5/12/2020,apardew2k@zdnet.com
19,Rapinett,Katrinka,2,5/8/2020,krapinettk@walmart.com
19,Lound,Elga,1,5/5/2020,eloundn@amazon.co.uk
19,Wreiford,Brad,1,5/1/2020,bwreiford2b@apple.com
20,Egginson,Lilah,3,5/21/2020,legginson1@wikispaces.com
20,Peatman,Mariquilla,2,5/7/2020,mpeatman8@jimdo.com
20,Allsworth,Pauly,3,5/10/2020,pallsworth12@irs.gov
21,Nunes Nabarro,Zorana,2,5/30/2020,znunesnabarro1k@nsw.gov.au
21,Lawrenz,Darcy,3,6/7/2020,dlawrenzo@dell.com
21,Gallico,Vail,3,5/28/2020,vgallicos@acquirethisname.com
22,Renzini,Emanuele,1,5/2/2020,erenzini6@amazon.co.uk
22,Fobidge,Rosamund,1,5/7/2020,rfobidge1w@sakura.ne.jp
22,Biaggioli,Nady,2,5/13/2020,nbiaggioliv@guardian.co.uk
23,Chestle,Dev,2,5/11/2020,dchestlez@ocn.ne.jp
23,Ferens,Edsel,1,5/13/2020,eferens2r@amazon.co.jp
23,Macek,Morganne,2,5/23/2020,mmacek2l@aboutads.info
24,Marini,Charis,3,5/14/2020,cmarini19@acquirethisname.com
24,Bodill,Phil,3,5/24/2020,pbodill2c@bing.com
24,O'Corr,Lorraine,3,5/12/2020,locorr25@shinystat.com
25,Farny,Parke,1,5/26/2020,pfarny26@csmonitor.com
25,McGerr,Peta,2,5/28/2020,pmcgerr1q@biblegateway.com
25,Gallemore,Roy,2,6/4/2020,rgallemore2e@hao123.com
26,Trevarthen,Vilhelmina,3,5/30/2020,vtrevarthen3@is.gd
26,Milroy,Annmaria,2,6/3/2020,amilroy1r@goo.ne.jp
26,Cleaver,Brendon,2,5/25/2020,bcleaver27@bigcartel.com
27,Ryle,Leena,2,5/12/2020,lrylex@blog.com
27,Tett,Lanie,1,5/4/2020,ltett2n@blogs.com
27,Jennaroy,Willow,1,5/7/2020,wjennaroy20@over-blog.com
28,Kiera,Billi,2,5/6/2020,bkiera24@bloglovin.com
28,Spreull,Bidget,2,5/14/2020,bspreull2m@free.fr
28,Gores,Zenia,3,5/15/2020,zgores9@geocities.jp
29,Moorrud,Retha,1,5/11/2020,rmoorrudi@unicef.org
29,Rubinfajn,Fremont,1,5/16/2020,frubinfajn2a@soundcloud.com
29,Fears,Stefan,2,5/9/2020,sfearsr@free.fr
30,Traske,Rancell,3,5/1/2020,rtraske16@google.es
30,Queyeiro,Liza,3,5/13/2020,lqueyeiro0@drupal.org
30,Rutledge,Melosa,3,5/3/2020,mrutledget@foxnews.com
31,McKeaney,Manny,1,6/7/2020,mmckeaney2g@answers.com
31,Kirsche,Liane,2,5/29/2020,lkirsche1b@fastcompany.com
31,Cull,Stacia,1,6/7/2020,scull1z@amazon.co.jp
32,Meecher,Jaime,3,5/19/2020,jmeecher1j@cnn.com
32,Summons,Frankie,2,5/31/2020,fsummons1l@i2i.jp
32,Sheasby,Imogene,3,5/31/2020,isheasby13@newsvine.com
N/A,Pearle,Noellyn,3,5/16/2020,npearle2d@networkadvertising.org
